,Symbol,ReportType,FilingDate,Negative,Positive,Uncertainty,Litigious,Constraining,Superfluous,Interesting,Modal
0,AAPL,10-k,31/10/2012,598,208,637,258,244,22,6,62
1,AAPL,10-k,30/10/2013,652,179,644,276,250,24,6,63
2,AAPL,10-k,27/10/2014,661,184,659,294,259,25,6,76
3,AAPL,10-k,28/10/2015,647,189,659,289,256,28,6,61
4,AAPL,10-k,26/10/2016,628,174,654,286,247,25,6,71
5,AAPL,10-k,03/11/2017,643,183,674,285,253,32,6,79
6,AAPL,10-k,05/11/2018,653,182,637,291,246,34,6,68
7,AAPL,10-k,31/10/2019,618,124,508,251,240,15,6,52
8,AAPL,10-k,30/10/2020,646,121,523,236,253,13,7,55
9,AAPL,10-k,29/10/2021,652,127,435,244,241,11,6,46
10,AAPL,10-k,28/10/2022,639,114,436,233,233,9,5,49
11,ABBV,10-k,20/02/2015,846,337,732,524,323,21,6,113
12,ABBV,10-k,19/02/2016,859,346,777,521,344,32,5,118
13,ABBV,10-k,17/02/2017,869,343,841,501,329,31,3,117
14,ABBV,10-k,16/02/2018,870,327,808,487,337,35,3,114
15,ABBV,10-k,27/02/2019,862,312,803,521,309,32,4,110
16,ABBV,10-k,21/02/2020,867,318,801,537,305,29,4,121
17,ABBV,10-k,19/02/2021,977,371,900,603,332,32,4,125
18,ABBV,10-k,18/02/2022,951,399,848,577,332,31,4,122
19,ABBV,10-k,17/02/2023,971,409,851,565,337,27,3,124
20,ABT,10-k,17/02/2017,652,234,686,335,269,19,4,92
21,ABT,10-k,16/02/2018,652,241,668,329,301,32,6,84
22,ABT,10-k,22/02/2019,627,238,633,348,317,31,4,83
23,ABT,10-k,21/02/2020,614,222,614,353,292,31,4,78
24,ABT,10-k,19/02/2021,610,182,522,352,292,32,4,71
25,ABT,10-k,18/02/2022,666,194,559,380,296,43,5,72
26,ABT,10-k,17/02/2023,695,189,542,387,281,34,5,76
27,ACN,10-k,29/10/2019,878,394,766,600,307,20,9,69
28,ACN,10-k,22/10/2020,907,394,780,543,306,22,3,70
29,ACN,10-k,15/10/2021,911,443,792,536,300,23,3,75
30,ACN,10-k,12/10/2022,876,449,797,574,311,24,6,74
31,ADBE,10-k,20/01/2015,1031,594,837,420,278,50,10,112
32,ADBE,10-k,19/01/2016,1023,587,821,425,277,45,10,109
33,ADBE,10-k,20/01/2017,942,577,786,391,284,25,12,115
34,ADBE,10-k,22/01/2018,916,543,741,379,270,32,9,103
35,ADBE,10-k,25/01/2019,946,576,787,383,297,34,11,118
36,ADBE,10-k,21/01/2020,955,652,799,433,320,35,11,104
37,ADBE,10-k,15/01/2021,1044,684,851,447,325,32,13,89
38,ADBE,10-k,21/01/2022,919,613,785,409,290,26,9,79
39,ADBE,10-k,17/01/2023,902,584,750,423,278,22,10,71
40,AIG,10-k,15/02/2019,4695,920,3035,1707,918,222,18,224
41,AIG,10-k,21/02/2020,4627,986,3080,1763,900,215,19,247
42,AIG,10-k,19/02/2021,5102,1060,3447,1929,1010,199,36,254
43,AIG,10-k,17/02/2022,4797,1091,3510,1948,1048,197,23,277
44,AIG,10-k,17/02/2023,3878,895,2864,1526,826,161,18,204
45,AMD,10-k,18/02/2014,1102,387,762,457,476,48,1,143
46,AMD,10-k,19/02/2015,1243,373,808,481,501,48,4,116
47,AMD,10-k,18/02/2016,1389,362,847,549,498,57,4,161
48,AMD,10-k,21/02/2017,1434,382,854,656,477,64,3,173
49,AMD,10-k,27/02/2018,1615,373,849,787,475,61,1,183
50,AMD,10-k,08/02/2019,1503,356,795,665,433,37,1,148
51,AMD,10-k,04/02/2020,1238,317,755,536,348,40,1,130
52,AMD,10-k,29/01/2021,1253,383,859,464,352,32,2,143
53,AMD,10-k,03/02/2022,1248,344,845,467,344,31,3,129
54,AMD,10-k,27/02/2023,1163,347,988,404,345,47,6,132
55,AMGN,10-k,19/02/2015,1290,373,973,944,410,25,6,100
56,AMGN,10-k,16/02/2016,1218,376,949,947,412,23,6,90
57,AMGN,10-k,14/02/2017,1226,350,920,995,426,21,7,90
58,AMGN,10-k,13/02/2018,1359,402,925,1018,442,21,6,133
59,AMGN,10-k,13/02/2019,1418,383,935,1097,493,22,6,105
60,AMGN,10-k,12/02/2020,1623,395,996,1269,520,21,11,104
61,AMGN,10-k,13/02/2020,13,0,11,30,15,0,0,0
62,AMGN,10-k,09/02/2021,1774,500,1133,1301,523,27,14,132
63,AMGN,10-k,16/02/2022,1716,500,1183,1257,536,26,15,139
64,AMGN,10-k,09/02/2023,1692,486,1169,1178,530,20,15,117
65,AMT,10-k,26/02/2014,791,226,1196,393,615,65,8,168
66,AMT,10-k,24/02/2015,806,228,1208,391,651,62,8,172
67,AMT,10-k,26/02/2016,673,194,929,364,500,70,7,160
68,AMT,10-k,27/02/2017,661,204,897,389,476,74,7,148
69,AMT,10-k,28/02/2018,721,220,896,400,490,71,7,151
70,AMT,10-k,27/02/2019,765,239,907,466,538,63,8,142
71,AMT,10-k,25/02/2020,784,249,924,463,542,80,8,127
72,AMT,10-k,25/02/2021,853,260,986,445,574,74,8,146
73,AMT,10-k,25/02/2022,1018,283,1063,468,582,78,7,145
74,AMT,10-k,23/02/2023,995,295,1030,466,542,67,9,143
75,AMZN,10-k,30/01/2015,884,198,545,353,224,27,3,48
76,AMZN,10-k,29/01/2016,763,187,528,320,235,27,3,51
77,AMZN,10-k,10/02/2017,738,185,523,344,251,29,3,57
78,AMZN,10-k,02/02/2018,659,196,560,376,263,36,3,70
79,AMZN,10-k,01/02/2019,649,196,539,341,258,21,4,56
80,AMZN,10-k,31/01/2020,697,194,517,326,274,25,5,46
81,AMZN,10-k,03/02/2021,652,183,515,273,253,30,4,40
82,AMZN,10-k,04/02/2022,679,187,523,273,268,29,6,40
83,AMZN,10-k,03/02/2023,778,203,549,314,266,27,6,44
84,AVGO,10-k,21/12/2018,1449,295,1165,620,418,36,3,118
85,AVGO,10-k,20/12/2019,1304,318,1194,655,481,45,3,99
86,AVGO,10-k,18/12/2020,1314,302,1175,604,461,49,4,99
87,AVGO,10-k,17/12/2021,1213,303,1081,506,444,46,4,104
88,AVGO,10-k,16/12/2022,1190,315,1040,500,423,34,3,117
89,AXP,10-k,19/02/2016,1779,470,1515,1000,746,41,18,158
90,AXP,10-k,17/02/2017,1605,351,1371,866,650,34,18,127
91,AXP,10-k,16/02/2018,1593,347,1370,836,614,31,17,133
92,AXP,10-k,13/02/2019,1572,329,1345,806,614,33,18,119
93,AXP,10-k,13/02/2020,1508,299,1338,733,572,36,20,107
94,AXP,10-k,12/02/2021,1701,359,1348,776,598,39,20,120
95,AXP,10-k,11/02/2022,1689,357,1397,796,555,40,21,105
96,AXP,10-k,10/02/2023,1698,373,1401,817,565,39,20,97
97,BAC,10-k,22/02/2023,2600,355,2221,994,834,72,14,107
98,BA,10-k,08/02/2017,747,244,633,560,322,44,2,98
99,BA,10-k,10/02/2017,14,3,6,45,14,0,0,1
100,BA,10-k,12/02/2018,702,236,601,534,317,44,2,96
101,BA,10-k,08/02/2019,717,268,616,581,357,49,3,89
102,BA,10-k,31/01/2020,929,274,712,605,360,55,2,120
103,BA,10-k,01/02/2021,1271,326,867,643,432,57,2,158
104,BA,10-k,31/01/2022,1112,317,808,603,440,55,2,139
105,BA,10-k,27/01/2023,977,311,693,565,385,42,2,98
106,BKNG,10-k,25/02/2011,1246,348,977,768,304,43,6,171
107,BKNG,10-k,27/02/2012,1162,355,879,888,295,43,9,155
108,BKNG,10-k,27/02/2013,1358,379,1033,1144,281,42,15,136
109,BKNG,10-k,20/02/2014,1356,419,1144,1295,289,56,9,126
110,BKNG,10-k,19/02/2015,1279,404,1198,856,352,49,14,134
111,BKNG,10-k,17/02/2016,1195,427,1159,543,347,59,12,119
112,BKNG,10-k,27/02/2017,1143,429,1078,480,300,58,13,121
113,BKNG,10-k,27/02/2018,1155,466,1131,517,332,60,10,170
114,BKNG,10-k,27/02/2019,1150,473,1057,469,358,46,8,120
115,BKNG,10-k,26/02/2020,1182,430,1011,466,358,44,9,118
116,BKNG,10-k,24/02/2021,1764,548,1339,676,572,49,12,169
117,BKNG,10-k,23/02/2022,1450,498,1186,588,505,44,5,138
118,BKNG,10-k,23/02/2023,1301,430,1151,554,475,40,5,102
119,BK,10-k,27/02/2019,118,16,114,224,44,16,0,5
120,BK,10-k,27/02/2020,110,11,105,210,45,16,0,2
121,BK,10-k,25/02/2021,115,11,111,192,45,10,1,3
122,BK,10-k,25/02/2022,105,12,102,176,39,10,1,3
123,BK,10-k,27/02/2023,109,31,107,173,42,10,0,4
124,BLK,10-k,24/02/2023,1170,323,1247,875,598,33,6,88
125,BMY,10-k,21/02/2017,1010,659,719,697,292,42,4,114
126,BMY,10-k,13/02/2018,1042,613,715,708,305,48,4,113
127,BMY,10-k,25/02/2019,1104,583,821,759,357,37,4,133
128,BMY,10-k,24/02/2020,1346,617,969,907,400,44,7,121
129,BMY,10-k,10/02/2021,1597,671,1094,1041,426,58,15,119
130,BMY,10-k,09/02/2022,1700,697,1074,1093,437,52,12,129
131,BMY,10-k,14/02/2023,1558,667,966,1022,420,46,7,111
132,BRK-B,10-k,27/02/2012,1353,305,826,764,242,85,12,107
133,BRK-B,10-k,01/03/2013,1341,305,834,792,242,82,14,96
134,BRK-B,10-k,03/03/2014,1328,310,831,779,233,82,12,81
135,BRK-B,10-k,02/03/2015,1331,314,821,780,232,81,11,86
136,BRK-B,10-k,29/02/2016,1342,340,821,737,238,80,11,84
137,BRK-B,10-k,27/02/2017,1364,332,765,694,219,71,10,87
138,BRK-B,10-k,26/02/2018,1336,290,747,722,214,69,9,92
139,BRK-B,10-k,25/02/2019,1365,322,766,759,237,68,10,79
140,BRK-B,10-k,24/02/2020,1432,323,791,785,254,67,14,73
141,BRK-B,10-k,01/03/2021,1530,297,840,759,257,63,15,68
142,BRK-B,10-k,28/02/2022,1474,305,839,767,263,59,15,73
143,BRK-B,10-k,27/02/2023,1463,303,853,765,280,65,16,74
144,CAT,10-k,15/02/2017,1528,342,875,451,377,62,7,136
145,CAT,10-k,15/02/2018,1331,354,872,496,390,55,7,110
146,CAT,10-k,14/02/2019,1185,332,833,505,379,48,7,102
147,CAT,10-k,19/02/2020,1108,251,791,483,342,40,11,75
148,CAT,10-k,17/02/2021,985,233,774,452,343,31,8,64
149,CAT,10-k,16/02/2022,934,256,770,485,334,34,8,69
150,CAT,10-k,15/02/2023,963,246,767,513,337,32,8,69
151,CHTR,10-k,24/02/2015,951,264,892,555,725,41,10,235
152,CHTR,10-k,10/02/2016,1110,264,967,662,815,42,13,279
153,CHTR,10-k,16/02/2017,954,258,964,624,565,50,4,159
154,CHTR,10-k,02/02/2018,832,242,798,586,471,45,2,132
155,CHTR,10-k,31/01/2019,815,255,786,626,503,35,3,138
156,CHTR,10-k,31/01/2020,692,212,667,601,471,33,3,113
157,CHTR,10-k,29/01/2021,685,247,660,587,451,34,3,108
158,CHTR,10-k,28/01/2022,631,242,634,566,411,34,3,107
159,CHTR,10-k,27/01/2023,587,247,555,538,376,35,3,105
160,CL,10-k,18/02/2016,911,254,534,496,197,22,7,72
161,CL,10-k,23/02/2017,990,268,528,487,219,34,10,60
162,CL,10-k,15/02/2018,796,401,546,466,259,44,4,68
163,CL,10-k,21/02/2018,797,401,546,478,259,44,4,68
164,CL,10-k,21/02/2019,773,369,572,448,270,41,2,70
165,CL,10-k,21/02/2020,793,324,578,492,289,33,5,65
166,CL,10-k,18/02/2021,841,305,687,465,269,40,4,55
167,CL,10-k,17/02/2022,779,285,660,397,269,24,3,49
168,CL,10-k,16/02/2023,843,264,684,426,293,25,3,45
169,CMCSA,10-k,05/02/2016,834,214,643,646,440,24,4,87
170,CMCSA,10-k,03/02/2017,760,213,690,582,431,30,5,102
171,CMCSA,10-k,31/01/2018,776,252,665,600,399,30,3,120
172,CMCSA,10-k,31/01/2019,801,272,743,657,445,30,5,111
173,CMCSA,10-k,30/01/2020,795,257,717,590,433,38,4,100
174,CMCSA,10-k,04/02/2021,709,211,583,500,353,24,6,111
175,CMCSA,10-k,02/02/2022,686,197,539,472,353,23,9,88
176,CMCSA,10-k,03/02/2023,683,194,547,459,347,23,8,87
177,COF,10-k,23/02/2017,2464,397,1763,904,733,56,18,158
178,COF,10-k,21/02/2018,2257,368,1691,840,710,60,15,148
179,COF,10-k,20/02/2019,2145,400,1592,793,660,48,15,138
180,COF,10-k,20/02/2020,2134,391,1510,806,628,41,15,132
181,COF,10-k,25/02/2021,2247,385,1613,872,701,41,17,153
182,COF,10-k,25/02/2022,2080,399,1608,895,689,44,13,121
183,COF,10-k,24/02/2023,2086,366,1616,898,690,40,12,106
184,COP,10-k,23/02/2016,1101,343,700,546,396,41,6,123
185,COP,10-k,21/02/2017,1175,357,703,567,407,36,7,117
186,COP,10-k,20/02/2018,1084,352,727,579,402,43,7,119
187,COP,10-k,19/02/2019,1126,374,798,702,463,43,7,123
188,COP,10-k,18/02/2020,1039,315,791,657,463,46,7,125
189,COP,10-k,16/02/2021,1253,385,911,643,497,42,9,128
190,COP,10-k,17/02/2022,1124,415,909,619,485,39,8,129
191,COP,10-k,16/02/2023,1087,366,845,600,455,41,6,120
192,COST,10-k,15/10/2014,438,130,408,238,131,21,2,32
193,COST,10-k,14/10/2015,432,134,441,205,135,21,2,42
194,COST,10-k,12/10/2016,439,137,441,210,142,21,2,45
195,COST,10-k,21/10/2016,64,44,68,46,40,2,0,8
196,COST,10-k,18/10/2017,465,129,464,209,141,19,2,46
197,COST,10-k,26/10/2018,494,140,442,201,145,17,2,38
198,COST,10-k,11/10/2019,556,122,443,208,148,17,2,31
199,COST,10-k,07/10/2020,619,137,460,222,156,27,5,31
200,COST,10-k,06/10/2021,638,133,455,228,149,25,4,30
201,COST,10-k,05/10/2022,610,136,436,231,149,26,5,31
202,CRM,10-k,17/03/2021,1262,459,1262,567,441,66,7,82
203,CRM,10-k,11/03/2022,1216,437,1173,569,433,67,8,76
204,CRM,10-k,08/03/2023,1243,425,1113,574,437,62,8,62
205,CSCO,10-k,08/09/2015,1247,438,1130,376,334,61,1,135
206,CSCO,10-k,08/09/2016,1367,455,1124,465,335,61,1,151
207,CSCO,10-k,07/09/2017,1361,421,1117,440,350,52,1,156
208,CSCO,10-k,06/09/2018,1336,381,1109,449,353,53,1,164
209,CSCO,10-k,05/09/2019,1190,354,1018,458,386,45,1,120
210,CSCO,10-k,03/09/2020,1268,365,1048,440,374,47,1,120
211,CSCO,10-k,09/09/2021,1181,411,983,462,382,43,2,107
212,CSCO,10-k,08/09/2022,1212,413,1021,495,453,47,2,104
213,CVS,10-k,10/02/2015,290,125,254,394,128,2,10,18
214,CVS,10-k,09/02/2016,348,142,291,418,148,9,10,22
215,CVS,10-k,09/02/2017,394,157,333,450,158,10,11,24
216,CVS,10-k,14/02/2018,607,212,527,498,241,9,11,67
217,CVS,10-k,28/02/2019,1343,422,1005,916,490,18,15,147
218,CVS,10-k,18/02/2020,2254,478,1489,1281,752,65,18,155
219,CVS,10-k,16/02/2021,2407,556,1650,1314,790,60,19,176
220,CVS,10-k,09/02/2022,2311,584,1634,1346,805,72,24,196
221,CVS,10-k,08/02/2023,2455,630,1687,1431,828,85,21,210
222,CVX,10-k,21/02/2014,676,222,554,505,316,34,2,46
223,CVX,10-k,20/02/2015,651,199,553,481,302,29,2,45
224,CVX,10-k,25/02/2016,698,210,535,507,311,32,3,35
225,CVX,10-k,23/02/2017,771,213,554,545,323,29,3,43
226,CVX,10-k,22/02/2018,770,221,564,530,333,28,3,41
227,CVX,10-k,22/02/2019,737,198,554,557,348,23,3,46
228,CVX,10-k,21/02/2020,741,190,581,447,319,23,3,36
229,CVX,10-k,25/02/2021,773,244,656,408,341,22,4,39
230,CVX,10-k,24/02/2022,719,256,617,425,343,23,6,41
231,CVX,10-k,23/02/2023,719,252,632,436,363,23,6,41
232,C,10-k,27/02/2023,3333,542,2948,1524,851,123,16,211
233,DHR,10-k,22/02/2017,1147,349,958,546,372,32,1,101
234,DHR,10-k,21/02/2018,1218,363,991,584,402,31,3,121
235,DHR,10-k,21/02/2019,1270,400,1013,683,473,46,4,104
236,DHR,10-k,21/02/2020,1438,348,1067,795,524,47,3,117
237,DHR,10-k,25/02/2021,1551,356,1102,791,543,43,4,98
238,DHR,10-k,23/02/2022,1561,378,1053,816,537,44,3,100
239,DHR,10-k,22/02/2023,1547,376,1020,824,533,43,2,92
240,DIS,10-k,20/11/2019,756,279,683,412,265,35,8,75
241,DIS,10-k,25/11/2020,998,285,816,431,322,44,9,92
242,DIS,10-k,24/11/2021,924,281,759,384,303,38,8,78
243,DIS,10-k,29/11/2022,809,280,703,384,287,36,7,76
244,DIS,10-k,24/01/2023,227,245,151,93,128,13,5,82
245,DOW,10-k,07/02/2020,1293,350,747,555,468,40,2,104
246,DOW,10-k,05/02/2021,1436,444,743,599,477,47,2,109
247,DOW,10-k,04/02/2022,1232,525,715,587,455,47,3,111
248,DOW,10-k,01/02/2023,967,458,683,512,435,47,2,115
249,DUK,10-k,25/02/2016,1991,1291,1407,1796,836,85,15,233
250,DUK,10-k,07/04/2016,15,14,18,49,17,4,0,1
251,DUK,10-k,24/02/2017,1914,1280,1416,1725,819,84,14,209
252,DUK,10-k,21/02/2018,1982,1308,1434,1922,863,97,14,222
253,DUK,10-k,23/02/2018,1989,1308,1435,1931,864,97,14,222
254,DUK,10-k,28/02/2019,1827,1127,1373,1958,879,111,15,177
255,DUK,10-k,20/02/2020,1635,994,1309,1749,828,116,19,186
256,DUK,10-k,25/02/2021,1634,812,1357,1975,815,117,6,172
257,DUK,10-k,24/02/2022,1550,777,1331,1887,812,107,5,157
258,DUK,10-k,27/02/2023,1544,779,1280,1774,776,100,5,150
259,EMR,10-k,23/11/2010,91,61,101,108,40,1,1,7
260,EMR,10-k,22/11/2011,102,61,113,97,46,4,1,9
261,EMR,10-k,20/11/2012,123,63,111,100,44,3,2,9
262,EMR,10-k,19/11/2013,129,66,123,101,44,3,2,9
263,EMR,10-k,19/11/2014,137,63,119,99,43,1,2,5
264,EMR,10-k,18/11/2015,149,67,135,99,50,6,2,8
265,EMR,10-k,16/11/2016,536,193,369,166,128,9,2,44
266,EMR,10-k,20/11/2017,494,198,368,159,130,8,2,29
267,EMR,10-k,19/11/2018,481,191,392,192,138,6,2,34
268,EMR,10-k,18/11/2019,492,183,398,223,159,7,2,31
269,EMR,10-k,16/11/2020,516,205,439,244,184,9,2,36
270,EMR,10-k,15/11/2021,492,234,445,247,194,13,3,43
271,EMR,10-k,14/11/2022,572,314,554,258,208,25,3,54
272,EXC,10-k,10/02/2016,2337,698,2409,2596,1659,146,9,418
273,EXC,10-k,13/02/2017,2641,840,2647,3067,2009,148,10,443
274,EXC,10-k,09/02/2018,2548,799,2506,2822,1790,136,11,447
275,EXC,10-k,08/02/2019,2240,712,2175,2412,1601,116,9,334
276,EXC,10-k,11/02/2020,1703,519,1683,1872,1179,85,6,199
277,EXC,10-k,24/02/2021,1817,505,1694,2127,1242,90,10,242
278,EXC,10-k,25/02/2022,1576,462,1393,2010,1059,115,13,186
279,EXC,10-k,14/02/2023,1221,318,952,1487,842,74,12,162
280,FDX,10-k,16/07/2012,576,331,787,571,333,46,2,101
281,FDX,10-k,15/07/2013,571,344,810,537,343,43,3,115
282,FDX,10-k,14/07/2014,602,334,797,551,338,43,2,87
283,FDX,10-k,14/07/2015,692,379,850,687,335,44,2,114
284,FDX,10-k,18/07/2016,688,366,908,781,357,44,3,143
285,FDX,10-k,17/07/2017,685,357,915,924,364,42,3,142
286,FDX,10-k,16/07/2018,691,412,937,984,366,40,2,130
287,FDX,10-k,16/07/2019,862,430,1062,1181,433,44,5,145
288,FDX,10-k,15/08/2019,30,2,37,685,17,0,0,8
289,FDX,10-k,20/07/2020,1006,422,1086,1294,445,41,7,133
290,FDX,10-k,19/07/2021,873,449,1046,774,451,44,7,126
291,FDX,10-k,18/07/2022,888,471,1026,745,395,38,4,108
292,F,10-k,09/02/2017,1071,355,740,443,417,44,6,113
293,F,10-k,29/03/2017,27,2,7,70,25,0,0,1
294,F,10-k,08/02/2018,1099,313,757,470,417,48,7,103
295,F,10-k,28/03/2018,32,1,9,76,22,0,0,1
296,F,10-k,21/02/2019,1104,284,810,496,446,46,7,113
297,F,10-k,05/02/2020,1327,274,912,570,461,47,8,107
298,F,10-k,05/02/2021,1491,336,984,553,532,52,11,118
299,F,10-k,04/02/2022,1519,402,1004,617,551,63,10,118
300,F,10-k,03/02/2023,1639,434,1093,646,604,51,10,134
301,GD,10-k,06/02/2017,399,269,392,537,224,43,3,64
302,GD,10-k,12/02/2018,408,258,401,559,230,45,3,42
303,GD,10-k,13/02/2019,425,267,500,587,249,49,3,41
304,GD,10-k,10/02/2020,408,228,475,596,240,43,3,38
305,GD,10-k,09/02/2021,473,258,498,588,260,39,5,45
306,GD,10-k,09/02/2022,401,247,462,576,247,32,5,41
307,GD,10-k,07/02/2023,425,255,454,573,244,32,5,39
308,GE,10-k,23/02/2018,1730,455,1149,797,371,105,12,198
309,GE,10-k,26/02/2019,1779,515,1234,838,466,104,11,191
310,GE,10-k,24/02/2020,1576,423,939,698,368,99,7,107
311,GE,10-k,12/02/2021,1596,413,957,732,341,97,7,102
312,GE,10-k,11/02/2022,1385,408,861,669,320,81,5,128
313,GE,10-k,10/02/2023,1336,376,824,662,329,71,10,127
314,GILD,10-k,25/02/2015,1595,439,1216,945,468,37,1,224
315,GILD,10-k,24/02/2016,1302,373,1061,827,385,30,1,209
316,GILD,10-k,27/02/2017,1458,401,1021,990,407,28,2,190
317,GILD,10-k,27/02/2018,1368,413,1073,808,419,28,1,181
318,GILD,10-k,26/02/2019,1037,357,913,640,345,33,3,112
319,GILD,10-k,18/04/2019,19,5,16,90,15,0,0,1
320,GILD,10-k,25/02/2020,1135,386,1020,690,349,35,3,111
321,GILD,10-k,25/02/2021,1200,440,1054,662,372,44,5,124
322,GILD,10-k,23/02/2022,1140,439,1060,673,363,42,5,124
323,GILD,10-k,22/02/2023,1110,417,938,644,338,38,5,115
324,GM,10-k,04/02/2015,1370,386,803,476,391,44,11,93
325,GM,10-k,03/02/2016,1236,342,705,501,376,34,5,103
326,GM,10-k,07/02/2017,1178,295,715,506,398,35,7,103
327,GM,10-k,06/02/2018,1235,274,774,539,359,30,8,90
328,GM,10-k,06/02/2019,1227,295,763,560,375,34,8,88
329,GM,10-k,05/02/2020,1211,271,758,535,363,35,6,77
330,GM,10-k,10/02/2021,1238,296,824,480,396,44,5,114
331,GM,10-k,02/02/2022,1036,343,830,414,391,39,4,108
332,GM,10-k,31/01/2023,1066,338,849,425,395,36,4,121
333,GOOGL,10-k,05/02/2019,975,289,741,402,224,15,14,94
334,GOOGL,10-k,06/02/2019,6,1,8,32,15,0,0,2
335,GOOGL,10-k,04/02/2020,967,310,724,418,224,22,11,91
336,GOOGL,10-k,03/02/2021,1100,325,814,447,248,21,16,99
337,GOOGL,10-k,02/02/2022,1087,314,782,509,253,13,12,100
338,GOOGL,10-k,03/02/2023,1059,308,786,463,245,13,14,102
339,GOOG,10-k,05/02/2019,975,289,741,402,224,15,14,94
340,GOOG,10-k,06/02/2019,6,1,8,32,15,0,0,2
341,GOOG,10-k,04/02/2020,967,310,724,418,224,22,11,91
342,GOOG,10-k,03/02/2021,1100,325,814,447,248,21,16,99
343,GOOG,10-k,02/02/2022,1087,314,782,509,253,13,12,100
344,GOOG,10-k,03/02/2023,1059,308,786,463,245,13,14,102
345,GS,10-k,24/02/2023,3213,710,2681,1535,1341,71,26,158
346,HD,10-k,27/03/2014,315,176,313,136,114,18,4,30
347,HD,10-k,26/03/2015,542,208,417,171,142,18,1,67
348,HD,10-k,24/03/2016,531,237,435,177,157,17,1,54
349,HD,10-k,23/03/2017,433,219,406,163,151,20,1,56
350,HD,10-k,22/03/2018,410,214,381,167,157,21,1,59
351,HD,10-k,28/03/2019,443,224,378,172,184,17,2,63
352,HD,10-k,25/03/2020,529,249,433,190,202,16,2,63
353,HD,10-k,24/03/2021,696,291,556,228,203,24,2,57
354,HD,10-k,23/03/2022,687,284,535,230,200,21,3,52
355,HON,10-k,10/02/2017,665,165,502,397,211,23,1,57
356,HON,10-k,09/02/2018,738,182,522,453,239,25,1,71
357,HON,10-k,08/02/2019,770,209,532,522,298,30,0,70
358,HON,10-k,14/02/2020,823,212,556,537,315,34,0,68
359,HON,10-k,12/02/2021,934,286,633,630,360,35,0,75
360,HON,10-k,11/02/2022,896,323,619,637,371,35,1,70
361,HON,10-k,10/02/2023,902,343,640,636,350,41,1,68
362,IBM,10-k,27/02/2018,215,156,203,234,59,12,0,26
363,IBM,10-k,26/02/2019,209,157,205,241,62,12,1,27
364,IBM,10-k,25/02/2020,237,145,232,246,77,13,1,27
365,IBM,10-k,23/02/2021,254,83,235,234,68,2,0,28
366,IBM,10-k,22/02/2022,255,77,230,226,81,2,1,25
367,IBM,10-k,28/02/2023,253,79,229,226,76,2,1,24
368,INTC,10-k,17/02/2017,904,319,785,397,295,39,5,91
369,INTC,10-k,16/02/2018,886,326,728,353,240,31,6,76
370,INTC,10-k,01/02/2019,1032,548,770,369,271,34,9,76
371,INTC,10-k,24/01/2020,1048,593,654,338,280,39,13,100
372,INTC,10-k,22/01/2021,1372,627,735,414,281,32,14,122
373,INTC,10-k,27/01/2022,1517,615,769,502,322,32,16,153
374,INTC,10-k,27/01/2023,1415,675,826,368,382,51,23,146
375,JNJ,10-k,21/02/2014,50,18,39,113,31,6,0,11
376,JNJ,10-k,24/02/2015,61,21,48,133,35,7,0,15
377,JNJ,10-k,24/02/2016,1117,242,452,723,161,28,3,70
378,JNJ,10-k,27/02/2017,1248,298,562,724,186,35,7,86
379,JNJ,10-k,21/02/2018,1175,291,560,704,158,38,4,72
380,JNJ,10-k,20/02/2019,1315,335,604,816,176,38,3,82
381,JNJ,10-k,18/02/2020,1664,320,697,1014,192,45,3,78
382,JNJ,10-k,22/02/2021,1738,343,737,968,197,31,3,70
383,JNJ,10-k,17/02/2022,1775,368,768,1040,222,31,3,84
384,JNJ,10-k,16/02/2023,1832,353,798,1131,234,37,3,71
385,JPM,10-k,21/02/2023,3088,512,2887,1257,1091,97,32,165
386,KHC,10-k,03/03/2016,1079,281,767,393,247,32,4,94
387,KHC,10-k,23/02/2017,1093,316,793,395,258,32,5,103
388,KHC,10-k,16/02/2018,1083,301,790,418,266,36,6,126
389,KHC,10-k,28/02/2019,14,1,16,12,6,0,0,7
390,KHC,10-k,07/06/2019,3398,594,1083,662,430,67,6,188
391,KHC,10-k,14/02/2020,1710,346,970,564,327,71,8,114
392,KHC,10-k,17/02/2021,1707,366,1051,558,366,75,9,111
393,KHC,10-k,17/02/2022,1718,393,1079,598,358,69,12,98
394,KHC,10-k,16/02/2023,1649,379,1039,541,329,69,12,83
395,KO,10-k,25/02/2015,1252,502,1045,644,434,43,20,173
396,KO,10-k,25/02/2016,1391,517,1053,885,446,45,16,186
397,KO,10-k,24/02/2017,1450,505,1083,850,438,47,7,173
398,KO,10-k,23/02/2018,1481,535,1095,721,436,59,11,178
399,KO,10-k,21/02/2019,1580,549,1153,782,473,48,6,150
400,KO,10-k,24/02/2020,1529,600,1135,728,449,55,6,128
401,KO,10-k,25/02/2021,1544,563,1183,807,482,52,7,147
402,KO,10-k,22/02/2022,1464,530,1189,814,445,51,6,131
403,KO,10-k,21/02/2023,1500,515,1150,840,442,44,5,128
404,LIN,10-k,23/03/2018,249,54,263,261,140,5,2,106
405,LIN,10-k,01/03/2019,28,5,35,18,11,0,1,7
406,LIN,10-k,18/03/2019,719,255,718,520,349,41,15,100
407,LIN,10-k,02/03/2020,815,246,706,521,331,35,10,84
408,LIN,10-k,01/03/2021,663,188,636,476,270,22,8,76
409,LIN,10-k,28/02/2022,593,171,634,478,264,19,9,73
410,LIN,10-k,28/02/2023,613,160,624,498,263,22,9,88
411,LLY,10-k,20/02/2018,1146,370,774,548,218,34,16,110
412,LLY,10-k,19/02/2019,1162,372,755,576,230,38,15,118
413,LLY,10-k,19/02/2020,1153,355,727,605,217,39,13,92
414,LLY,10-k,17/02/2021,1162,446,879,668,264,47,19,109
415,LLY,10-k,23/02/2022,1314,450,933,767,272,39,18,98
416,LLY,10-k,22/02/2023,1210,433,905,691,302,37,22,108
417,LMT,10-k,28/02/2013,700,247,766,814,306,44,1,84
418,LMT,10-k,14/02/2014,726,242,850,866,327,43,2,90
419,LMT,10-k,09/02/2015,761,257,871,882,362,45,2,101
420,LMT,10-k,24/02/2016,904,282,1089,936,399,68,4,161
421,LMT,10-k,09/02/2017,962,320,1086,925,409,61,4,123
422,LMT,10-k,06/02/2018,985,328,1040,920,429,61,3,115
423,LMT,10-k,16/02/2018,401,118,291,320,142,35,1,46
424,LMT,10-k,08/02/2019,1030,325,1021,1035,458,57,1,107
425,LMT,10-k,07/02/2020,1016,290,1110,1050,500,56,2,79
426,LMT,10-k,28/01/2021,1074,334,1181,1085,520,58,3,95
427,LMT,10-k,25/01/2022,1105,348,1197,1181,593,45,3,115
428,LMT,10-k,26/01/2023,1110,377,1146,1149,542,46,6,107
429,LOW,10-k,02/04/2013,481,271,366,197,182,32,1,50
430,LOW,10-k,31/03/2014,481,287,365,216,174,37,1,64
431,LOW,10-k,31/03/2015,459,248,356,221,175,35,2,46
432,LOW,10-k,29/03/2016,551,277,416,235,193,32,3,57
433,LOW,10-k,04/04/2017,613,293,437,262,200,40,2,55
434,LOW,10-k,02/04/2018,635,294,461,278,194,33,4,55
435,LOW,10-k,02/04/2019,757,313,495,320,213,30,4,52
436,LOW,10-k,23/03/2020,705,246,455,280,208,30,3,57
437,LOW,10-k,22/03/2021,615,267,436,240,196,28,3,42
438,LOW,10-k,21/03/2022,639,250,467,245,187,32,5,44
439,MA,10-k,14/02/2014,1087,257,911,855,322,17,7,55
440,MA,10-k,13/02/2015,1007,244,827,779,302,15,6,46
441,MA,10-k,12/02/2016,976,244,789,693,269,14,6,45
442,MA,10-k,15/02/2017,1038,265,803,761,288,15,6,63
443,MA,10-k,14/02/2018,1114,310,940,819,357,23,1,105
444,MA,10-k,13/02/2019,1049,293,858,822,365,27,9,61
445,MA,10-k,14/02/2020,1061,301,829,778,312,30,7,45
446,MA,10-k,12/02/2021,1110,347,818,790,330,31,5,49
447,MA,10-k,11/02/2022,1098,414,858,817,332,32,3,43
448,MA,10-k,14/02/2023,1165,447,901,828,353,33,4,44
449,MCD,10-k,25/02/2013,331,260,294,201,133,11,3,73
450,MCD,10-k,24/02/2014,330,208,280,190,129,11,4,62
451,MCD,10-k,24/02/2015,488,253,385,226,142,13,5,60
452,MCD,10-k,25/02/2016,490,257,395,232,153,15,4,56
453,MCD,10-k,01/03/2017,475,297,417,231,161,16,3,68
454,MCD,10-k,23/02/2018,460,299,435,221,163,14,3,74
455,MCD,10-k,22/02/2019,461,294,433,227,151,11,6,59
456,MCD,10-k,26/02/2020,483,278,422,224,156,10,6,46
457,MCD,10-k,23/02/2021,525,282,458,240,181,10,6,60
458,MCD,10-k,24/02/2022,501,315,478,261,180,8,6,50
459,MCD,10-k,24/02/2023,505,312,445,255,186,8,6,45
460,MDLZ,10-k,25/02/2013,963,338,614,400,291,20,7,91
461,MDLZ,10-k,20/06/2013,17,1,4,52,13,0,0,2
462,MDLZ,10-k,03/03/2014,1166,410,740,495,312,45,8,97
463,MDLZ,10-k,20/02/2015,1137,386,709,464,267,33,11,87
464,MDLZ,10-k,19/02/2016,1313,416,742,472,290,43,15,96
465,MDLZ,10-k,24/02/2017,1390,458,801,435,288,40,27,87
466,MDLZ,10-k,09/02/2018,1394,466,844,463,300,40,27,99
467,MDLZ,10-k,08/02/2019,1259,487,859,459,286,32,29,96
468,MDLZ,10-k,07/02/2020,1267,465,873,519,306,36,30,105
469,MDLZ,10-k,05/02/2021,1373,522,973,473,318,37,19,96
470,MDLZ,10-k,04/02/2022,1371,603,1041,473,325,41,25,91
471,MDLZ,10-k,03/02/2023,1282,552,1058,475,320,46,23,83
472,MDT,10-k,23/06/2015,1644,428,1143,848,465,48,7,153
473,MDT,10-k,28/06/2016,1588,426,1099,863,490,44,6,154
474,MDT,10-k,27/06/2017,1628,419,1088,889,472,43,6,141
475,MDT,10-k,22/06/2018,1371,381,824,669,385,37,4,102
476,MDT,10-k,21/06/2019,1337,369,810,670,387,37,4,100
477,MDT,10-k,19/06/2020,1337,339,909,655,393,42,5,109
478,MDT,10-k,25/06/2021,1200,348,858,670,389,45,5,97
479,MDT,10-k,23/06/2022,1148,343,870,614,377,39,5,108
480,META,10-k,30/01/2020,1277,238,1037,648,362,33,12,166
481,META,10-k,28/01/2021,1604,258,1167,806,430,31,16,164
482,META,10-k,03/02/2022,1679,264,1173,799,443,27,16,164
483,META,10-k,02/02/2023,1898,305,1209,916,494,28,17,181
484,MET,10-k,01/03/2017,4052,1063,3727,2511,1329,259,17,363
485,MET,10-k,01/03/2018,4360,1109,3739,2493,1357,257,18,347
486,MET,10-k,22/02/2019,3828,1058,3167,2118,1132,228,23,268
487,MET,10-k,21/02/2020,3286,857,2882,1927,1009,204,20,218
488,MET,10-k,19/02/2021,3220,841,2900,1711,1013,196,22,206
489,MET,10-k,18/02/2022,3099,901,2817,1745,961,180,21,191
490,MET,10-k,23/02/2023,2958,880,2812,1754,965,180,21,188
491,3M,10-k,11/02/2016,979,290,676,558,286,53,3,83
492,3M,10-k,09/02/2017,1237,321,742,621,309,61,3,80
493,3M,10-k,08/02/2018,1276,341,763,630,303,53,3,94
494,3M,10-k,07/02/2019,1279,345,765,609,300,55,4,85
495,3M,10-k,06/02/2020,1569,346,849,754,313,60,5,78
496,3M,10-k,04/02/2021,1808,344,875,917,322,56,4,72
497,3M,10-k,09/02/2022,1777,304,822,1030,310,57,3,80
498,3M,10-k,08/02/2023,1844,284,858,1033,388,56,4,80
499,MO,10-k,16/02/2012,1710,89,385,1373,169,17,1,49
500,MO,10-k,27/02/2013,2245,188,847,1654,475,26,7,126
501,MO,10-k,13/08/2013,1,1,1,24,9,0,0,1
502,MO,10-k,26/02/2014,2454,192,806,1883,497,27,7,110
503,MO,10-k,04/08/2014,1,1,1,24,9,0,0,1
504,MO,10-k,25/02/2015,2450,198,827,1919,436,26,6,101
505,MO,10-k,01/07/2015,1,1,1,24,9,0,0,1
506,MO,10-k,25/02/2016,2784,228,935,2245,496,25,6,144
507,MO,10-k,27/02/2017,2826,243,949,2224,482,26,6,126
508,MO,10-k,15/06/2017,1,1,2,22,8,0,0,1
509,MO,10-k,27/02/2018,2455,196,906,1868,437,24,9,102
510,MO,10-k,31/05/2018,1,1,3,22,8,0,0,1
511,MO,10-k,26/02/2019,1475,207,882,1008,449,13,7,119
512,MO,10-k,29/05/2019,0,0,3,17,8,0,0,0
513,MO,10-k,25/02/2020,1784,213,950,924,446,19,17,122
514,MO,10-k,19/05/2020,0,0,3,19,8,0,0,0
515,MO,10-k,26/02/2021,2052,238,1016,1096,465,23,18,119
516,MO,10-k,26/05/2021,0,0,3,20,8,0,0,0
517,MO,10-k,25/02/2022,2061,262,1022,1133,434,23,19,106
518,MO,10-k,01/06/2022,0,0,2,19,8,0,0,0
519,MO,10-k,27/02/2023,1898,251,966,1166,443,21,11,100
520,MRK,10-k,27/02/2015,1780,529,1171,785,287,63,8,228
521,MRK,10-k,26/02/2016,1798,533,1153,849,296,67,10,208
522,MRK,10-k,28/02/2017,1595,484,1069,721,295,64,8,200
523,MRK,10-k,27/02/2018,1511,519,1110,721,282,52,8,238
524,MRK,10-k,27/02/2019,1448,583,1056,700,317,41,10,184
525,MRK,10-k,26/02/2020,1271,523,1047,633,307,39,9,199
526,MRK,10-k,25/02/2021,1414,609,1148,686,333,41,11,234
527,MRK,10-k,25/02/2022,1550,613,1192,743,365,47,11,196
528,MRK,10-k,24/02/2023,1451,648,1205,699,371,46,10,214
529,MSFT,10-k,02/08/2017,806,338,597,342,190,13,7,76
530,MSFT,10-k,03/08/2018,799,328,590,396,228,14,7,71
531,MSFT,10-k,01/08/2019,744,325,603,368,227,15,9,54
532,MSFT,10-k,30/07/2020,747,332,652,370,243,14,10,64
533,MSFT,10-k,29/07/2021,760,396,659,393,260,14,9,59
534,MSFT,10-k,28/07/2022,743,393,643,384,254,15,9,65
535,MS,10-k,24/02/2023,1975,345,2046,1174,901,53,18,118
536,NEE,10-k,20/02/2015,1081,308,1120,936,558,36,10,127
537,NEE,10-k,22/02/2016,1093,305,1214,927,535,34,11,132
538,NEE,10-k,23/02/2017,944,265,1125,839,498,34,12,119
539,NEE,10-k,16/02/2018,927,259,1093,815,505,31,12,97
540,NEE,10-k,15/02/2019,923,265,1107,818,498,29,12,79
541,NEE,10-k,14/02/2020,897,243,1058,801,473,31,12,70
542,NEE,10-k,12/02/2021,983,248,1090,895,500,33,11,100
543,NEE,10-k,18/02/2022,1003,245,1069,932,509,37,11,99
544,NEE,10-k,17/02/2023,1039,255,1073,946,518,33,11,96
545,NFLX,10-k,29/01/2020,572,146,513,241,261,9,1,41
546,NFLX,10-k,28/01/2021,625,167,566,237,281,9,2,57
547,NFLX,10-k,27/01/2022,583,170,558,235,272,10,2,45
548,NFLX,10-k,26/01/2023,582,163,573,238,265,11,2,45
549,NKE,10-k,24/07/2012,720,260,968,294,241,26,7,79
550,NKE,10-k,23/07/2013,810,263,1013,296,230,27,7,84
551,NKE,10-k,25/07/2014,820,260,1076,315,221,30,8,65
552,NKE,10-k,23/07/2015,863,284,1126,325,239,29,9,71
553,NKE,10-k,21/07/2016,830,304,1120,339,242,31,8,75
554,NKE,10-k,20/07/2017,843,296,1109,354,247,31,10,92
555,NKE,10-k,25/07/2018,844,277,1066,374,247,40,9,77
556,NKE,10-k,23/07/2019,831,256,1030,375,271,34,9,70
557,NKE,10-k,24/07/2020,1090,280,1160,414,299,31,9,85
558,NKE,10-k,20/07/2021,1032,315,1171,408,302,31,8,81
559,NKE,10-k,21/07/2022,1069,313,1190,446,318,31,7,87
560,NVDA,10-k,12/03/2013,1382,368,935,618,285,42,1,120
561,NVDA,10-k,13/03/2014,1060,318,831,446,269,49,3,113
562,NVDA,10-k,12/03/2015,768,216,544,381,209,35,3,87
563,NVDA,10-k,17/03/2016,838,230,586,348,255,43,3,110
564,NVDA,10-k,01/03/2017,790,229,561,341,259,51,3,114
565,NVDA,10-k,28/02/2018,710,247,491,355,221,32,4,84
566,NVDA,10-k,21/02/2019,739,223,491,365,210,36,5,69
567,NVDA,10-k,20/02/2020,687,220,490,325,220,34,5,66
568,NVDA,10-k,26/02/2021,777,222,688,352,249,38,8,97
569,NVDA,10-k,18/03/2022,842,250,704,392,301,45,5,74
570,NVDA,10-k,24/02/2023,997,250,782,415,353,50,3,75
571,ORCL,10-k,26/06/2012,916,422,1399,538,336,28,5,123
572,ORCL,10-k,26/06/2013,944,365,1434,561,336,32,3,127
573,ORCL,10-k,26/06/2014,930,358,1464,547,330,34,3,140
574,ORCL,10-k,25/06/2015,981,414,1511,554,351,35,3,121
575,ORCL,10-k,22/06/2016,1119,455,1428,596,367,31,4,111
576,ORCL,10-k,27/06/2017,990,435,1405,600,362,33,2,102
577,ORCL,10-k,22/06/2018,1013,338,1437,636,366,28,4,105
578,ORCL,10-k,21/06/2019,971,329,1326,630,358,24,5,96
579,ORCL,10-k,22/06/2020,1030,339,1327,636,359,27,5,96
580,ORCL,10-k,21/06/2021,1022,367,1253,625,337,29,5,93
581,ORCL,10-k,21/06/2022,1006,368,1222,611,324,30,4,100
582,PEP,10-k,21/02/2013,797,350,613,512,190,29,46,43
583,PEP,10-k,14/02/2014,968,366,705,546,247,29,49,52
584,PEP,10-k,12/02/2015,1023,365,770,568,253,21,41,52
585,PEP,10-k,11/02/2016,1055,350,715,564,273,20,43,49
586,PEP,10-k,15/02/2017,1114,360,750,583,321,29,62,69
587,PEP,10-k,13/02/2018,1123,359,814,609,339,38,66,66
588,PEP,10-k,15/02/2019,1113,354,816,603,363,29,61,62
589,PEP,10-k,13/02/2020,1095,361,689,632,337,34,46,57
590,PEP,10-k,11/02/2021,853,272,695,531,307,33,39,79
591,PEP,10-k,10/02/2022,945,295,714,526,296,30,38,74
592,PEP,10-k,09/02/2023,1136,305,756,531,296,30,38,61
593,PFE,10-k,28/02/2019,750,343,549,436,223,3,11,99
594,PFE,10-k,27/02/2020,792,345,622,470,241,6,9,95
595,PFE,10-k,25/02/2021,1778,664,1207,955,373,45,13,127
596,PFE,10-k,24/02/2022,1775,693,1247,925,395,47,18,122
597,PFE,10-k,23/02/2023,1760,676,1317,928,407,48,18,125
598,PG,10-k,06/08/2019,654,261,657,232,193,21,5,49
599,PG,10-k,06/08/2020,692,286,681,234,196,23,2,46
600,PG,10-k,07/08/2020,693,286,682,243,197,23,2,46
601,PG,10-k,06/08/2021,692,330,675,259,199,19,1,52
602,PG,10-k,05/08/2022,692,335,694,264,205,19,1,49
603,PM,10-k,20/02/2015,1607,227,841,941,278,29,31,124
604,PM,10-k,17/02/2016,1884,265,948,1172,301,26,32,113
605,PM,10-k,14/02/2017,1803,252,883,1129,257,16,28,110
606,PM,10-k,13/02/2018,1227,239,785,735,258,9,9,87
607,PM,10-k,07/02/2019,1299,274,882,758,284,17,8,79
608,PM,10-k,07/02/2020,1354,283,906,725,289,16,10,94
609,PM,10-k,09/02/2021,1475,306,953,812,339,14,14,111
610,PM,10-k,11/02/2022,1555,394,1065,869,370,15,14,109
611,PM,10-k,10/02/2023,1766,425,1251,997,430,36,20,141
612,PYPL,10-k,11/02/2016,1319,331,1077,741,377,17,10,89
613,PYPL,10-k,08/02/2017,1518,311,1139,785,424,24,10,107
614,PYPL,10-k,07/02/2018,1642,337,1223,842,448,26,8,150
615,PYPL,10-k,07/02/2019,1770,384,1260,929,490,18,8,128
616,PYPL,10-k,06/02/2020,1702,364,1248,883,493,19,6,117
617,PYPL,10-k,05/02/2021,1492,376,1030,687,411,21,6,104
618,PYPL,10-k,03/02/2022,1550,400,1059,723,448,22,6,97
619,PYPL,10-k,10/02/2023,1705,396,1068,744,456,21,9,93
620,QCOM,10-k,02/11/2016,1067,330,853,357,310,19,13,124
621,QCOM,10-k,01/11/2017,1465,376,1002,577,427,27,25,141
622,QCOM,10-k,07/11/2018,1769,388,1039,774,421,31,33,145
623,QCOM,10-k,06/11/2019,1452,404,1071,753,442,30,30,108
624,QCOM,10-k,04/11/2020,1431,449,1025,672,416,31,26,91
625,QCOM,10-k,03/11/2021,1314,472,1049,525,391,29,17,73
626,QCOM,10-k,02/11/2022,1386,441,1082,506,402,26,25,67
627,RTX,10-k,05/02/2015,448,70,340,307,112,17,4,38
628,RTX,10-k,11/02/2016,432,76,341,259,110,10,3,30
629,RTX,10-k,09/02/2017,435,75,349,265,110,13,3,28
630,RTX,10-k,09/02/2018,457,89,408,265,121,7,3,40
631,RTX,10-k,07/02/2019,463,92,418,285,124,8,3,45
632,RTX,10-k,05/04/2019,4,3,6,21,13,0,0,3
633,RTX,10-k,06/02/2020,506,102,453,305,147,8,3,56
634,RTX,10-k,08/02/2021,1805,407,1360,1012,587,66,9,112
635,RTX,10-k,11/02/2022,1829,414,1278,1015,546,74,7,97
636,RTX,10-k,07/02/2023,1716,404,1189,1028,534,61,7,88
637,SBUX,10-k,18/11/2011,610,229,550,227,214,33,5,63
638,SBUX,10-k,16/11/2012,625,219,572,269,202,28,8,64
639,SBUX,10-k,18/11/2013,551,211,559,268,197,25,7,60
640,SBUX,10-k,14/11/2014,594,242,595,239,203,33,6,65
641,SBUX,10-k,12/11/2015,615,257,666,233,224,47,6,68
642,SBUX,10-k,18/11/2016,586,241,606,223,218,26,6,65
643,SBUX,10-k,17/11/2017,674,248,593,224,227,33,7,80
644,SBUX,10-k,16/11/2018,773,278,635,261,235,33,7,77
645,SBUX,10-k,15/11/2019,719,268,607,277,232,27,6,52
646,SBUX,10-k,12/11/2020,899,296,708,296,242,35,7,62
647,SBUX,10-k,19/11/2021,881,324,681,297,254,26,7,58
648,SBUX,10-k,18/11/2022,881,300,696,304,266,24,7,67
649,SCHW,10-k,22/02/2018,712,195,604,466,420,35,5,67
650,SCHW,10-k,22/02/2019,698,193,597,438,432,30,4,58
651,SCHW,10-k,26/02/2020,811,234,727,525,499,33,5,97
652,SCHW,10-k,24/02/2021,960,266,910,560,561,46,4,110
653,SCHW,10-k,24/02/2022,967,277,880,557,519,44,5,75
654,SCHW,10-k,24/02/2023,1033,291,897,600,563,54,5,80
655,SO,10-k,21/02/2018,3829,1019,3842,5165,2717,277,23,789
656,SO,10-k,20/02/2019,2876,798,2818,3722,1708,241,7,615
657,SO,10-k,20/02/2020,1973,545,1836,2561,995,173,6,303
658,SO,10-k,18/02/2021,1645,458,1561,2121,933,138,6,221
659,SO,10-k,17/02/2022,1582,421,1458,1974,907,140,6,216
660,SO,10-k,16/02/2023,1580,408,1439,1897,871,156,6,232
661,SPG,10-k,01/05/2009,312,145,330,130,125,53,1,38
662,SPG,10-k,25/02/2010,508,208,526,210,181,37,4,72
663,SPG,10-k,25/02/2011,162,109,199,126,76,5,3,28
664,SPG,10-k,28/02/2012,164,124,205,135,76,4,3,28
665,SPG,10-k,28/02/2013,160,117,203,134,72,5,3,29
666,SPG,10-k,27/02/2014,446,252,508,217,170,73,3,69
667,SPG,10-k,27/02/2015,499,232,558,225,172,73,3,78
668,SPG,10-k,26/02/2016,590,282,630,292,240,62,3,102
669,SPG,10-k,24/02/2017,642,321,695,332,276,70,3,107
670,SPG,10-k,23/02/2018,687,322,697,342,289,57,5,103
671,SPG,10-k,22/02/2019,702,314,711,303,286,63,5,91
672,SPG,10-k,21/02/2020,769,303,771,292,306,60,5,104
673,SPG,10-k,25/02/2021,973,337,877,311,385,63,5,111
674,SPG,10-k,24/02/2022,950,377,872,309,374,70,5,102
675,SPG,10-k,23/02/2023,1004,379,895,312,381,58,6,96
676,TGT,10-k,14/03/2014,675,118,402,258,173,18,4,56
677,TGT,10-k,13/03/2015,723,118,409,274,183,18,3,54
678,TGT,10-k,11/03/2016,589,135,345,257,192,17,4,48
679,TGT,10-k,08/03/2017,529,122,316,192,190,15,4,40
680,TGT,10-k,14/03/2018,492,127,321,187,190,13,4,50
681,TGT,10-k,13/03/2019,422,112,317,188,174,9,3,27
682,TGT,10-k,11/03/2020,448,110,328,185,178,9,3,33
683,TGT,10-k,10/03/2021,502,133,350,168,175,10,2,33
684,TGT,10-k,09/03/2022,442,129,323,137,182,8,4,34
685,TGT,10-k,08/03/2023,444,122,345,192,180,15,5,34
686,TMO,10-k,25/02/2016,757,239,583,417,298,29,10,64
687,TMO,10-k,28/02/2017,778,239,602,451,313,29,7,75
688,TMO,10-k,28/02/2018,812,230,633,483,317,29,2,73
689,TMO,10-k,27/02/2019,754,230,629,474,332,29,2,68
690,TMO,10-k,26/02/2020,817,196,617,453,329,27,2,77
691,TMO,10-k,25/02/2021,770,264,608,415,321,26,2,72
692,TMO,10-k,24/02/2022,759,286,674,428,343,24,2,83
693,TMO,10-k,23/02/2023,738,250,621,440,334,25,1,82
694,TMUS,10-k,17/02/2016,712,200,557,362,322,48,5,84
695,TMUS,10-k,14/02/2017,726,206,614,418,377,51,4,133
696,TMUS,10-k,08/02/2018,794,227,673,482,359,53,4,128
697,TMUS,10-k,07/02/2019,966,274,891,711,495,51,8,151
698,TMUS,10-k,06/02/2020,1041,241,931,678,552,44,10,172
699,TMUS,10-k,23/02/2021,1152,246,960,797,564,62,10,135
700,TMUS,10-k,11/02/2022,1174,253,925,805,533,54,10,130
701,TMUS,10-k,14/02/2023,1205,259,866,792,488,54,10,151
702,TSLA,10-k,26/02/2015,1081,443,1012,454,411,43,6,241
703,TSLA,10-k,24/02/2016,787,301,717,372,331,43,3,158
704,TSLA,10-k,01/03/2017,1054,392,949,753,460,58,3,182
705,TSLA,10-k,23/02/2018,1074,390,852,729,418,60,5,169
706,TSLA,10-k,19/02/2019,1127,410,962,850,490,77,2,176
707,TSLA,10-k,13/02/2020,1105,354,905,815,451,66,2,156
708,TSLA,10-k,28/04/2020,104,103,143,292,80,4,0,53
709,TSLA,10-k,08/02/2021,1162,341,936,812,439,62,2,163
710,TSLA,10-k,30/04/2021,107,107,133,267,97,4,0,46
711,TSLA,10-k,07/02/2022,1144,352,828,706,396,55,4,135
712,TSLA,10-k,02/05/2022,106,90,132,250,95,6,0,30
713,TSLA,10-k,31/01/2023,1088,331,764,651,377,42,5,125
714,TXN,10-k,24/02/2015,406,147,372,199,153,24,3,51
715,TXN,10-k,24/02/2016,372,128,394,193,140,21,3,39
716,TXN,10-k,23/02/2017,370,117,377,188,149,27,3,49
717,TXN,10-k,22/02/2018,361,132,377,192,136,23,3,54
718,TXN,10-k,22/02/2019,360,128,378,196,146,22,3,43
719,TXN,10-k,20/02/2020,335,131,325,175,132,23,3,48
720,TXN,10-k,05/02/2021,337,151,337,182,135,23,3,45
721,TXN,10-k,04/02/2022,323,152,304,175,131,19,2,46
722,TXN,10-k,03/02/2023,331,158,302,172,129,16,1,51
723,T,10-k,20/02/2020,601,295,587,500,412,37,6,136
724,T,10-k,25/02/2021,812,325,655,522,389,49,8,132
725,T,10-k,16/02/2022,842,318,729,589,413,52,7,154
726,T,10-k,13/02/2023,804,261,608,438,357,43,6,90
727,UNH,10-k,13/02/2018,663,268,622,599,306,19,8,65
728,UNH,10-k,12/02/2019,652,261,599,588,297,17,8,57
729,UNH,10-k,14/02/2020,657,261,592,583,297,18,9,55
730,UNH,10-k,01/03/2021,708,281,636,559,297,16,13,56
731,UNH,10-k,15/02/2022,721,282,644,557,307,15,11,51
732,UNH,10-k,24/02/2023,710,260,607,544,292,17,9,48
733,UNP,10-k,05/02/2016,704,245,571,435,228,27,5,96
734,UNP,10-k,03/02/2017,670,230,507,410,202,26,5,79
735,UNP,10-k,09/02/2018,617,220,511,395,207,26,8,94
736,UNP,10-k,08/02/2019,603,219,491,444,224,37,11,85
737,UNP,10-k,07/02/2020,605,229,492,383,216,31,9,80
738,UNP,10-k,05/02/2021,679,265,543,398,224,34,7,80
739,UNP,10-k,04/02/2022,625,268,489,358,202,30,7,68
740,UNP,10-k,10/02/2023,582,266,464,358,205,31,8,56
741,UPS,10-k,27/02/2015,842,437,691,409,357,47,11,84
742,UPS,10-k,25/02/2016,812,435,709,441,364,48,13,81
743,UPS,10-k,21/02/2017,757,393,748,451,389,46,9,110
744,UPS,10-k,21/02/2018,799,333,789,524,402,61,10,125
745,UPS,10-k,21/02/2019,775,364,844,582,444,62,11,128
746,UPS,10-k,20/02/2020,750,302,840,533,446,59,11,92
747,UPS,10-k,22/02/2021,814,315,844,485,432,57,10,104
748,UPS,10-k,22/02/2022,808,325,819,466,380,63,9,106
749,UPS,10-k,21/02/2023,806,306,816,438,340,56,6,113
750,USB,10-k,25/02/2016,204,49,146,279,218,4,6,39
751,USB,10-k,23/02/2017,212,49,141,262,213,2,7,33
752,USB,10-k,22/02/2018,202,47,145,251,209,2,6,30
753,USB,10-k,22/02/2019,235,54,180,276,249,2,6,46
754,USB,10-k,20/02/2020,200,52,168,266,239,2,5,36
755,USB,10-k,23/02/2021,206,70,173,252,232,3,7,37
756,USB,10-k,22/02/2022,185,61,184,206,190,1,7,29
757,USB,10-k,27/02/2023,242,87,186,240,236,3,6,38
758,VZ,10-k,25/02/2021,755,315,689,469,409,33,5,108
759,VZ,10-k,11/02/2022,684,320,706,455,363,36,5,93
760,VZ,10-k,10/02/2023,708,315,715,468,374,39,6,92
761,V,10-k,19/11/2010,1367,315,962,960,507,43,13,153
762,V,10-k,18/11/2011,1378,333,964,905,472,37,17,145
763,V,10-k,16/11/2012,1340,312,887,863,425,28,19,126
764,V,10-k,22/11/2013,1235,234,847,849,393,24,8,117
765,V,10-k,21/11/2014,1320,217,875,893,431,30,7,104
766,V,10-k,20/11/2015,1261,234,915,879,425,39,6,122
767,V,10-k,15/11/2016,1207,282,798,834,371,32,2,106
768,V,10-k,17/11/2017,1185,273,765,805,378,42,2,99
769,V,10-k,16/11/2018,1103,291,754,771,398,33,3,101
770,V,10-k,14/11/2019,1077,281,739,761,417,23,1,74
771,V,10-k,19/11/2020,1205,294,798,793,445,28,4,85
772,V,10-k,18/11/2021,1099,273,723,731,406,27,4,73
773,V,10-k,16/11/2022,1126,265,714,709,399,26,3,66
774,WBA,10-k,28/10/2015,1032,757,1027,516,364,47,3,133
775,WBA,10-k,20/10/2016,1046,681,958,564,351,36,4,110
776,WBA,10-k,25/10/2017,1082,651,947,571,348,36,5,119
777,WBA,10-k,11/10/2018,1107,571,984,617,352,24,7,127
778,WBA,10-k,28/10/2019,1185,553,1089,690,383,32,7,117
779,WBA,10-k,15/10/2020,1341,558,1216,703,390,39,7,138
780,WBA,10-k,14/10/2021,1193,652,970,600,337,29,6,99
781,WBA,10-k,24/11/2021,18,164,6,86,21,0,0,2
782,WBA,10-k,13/10/2022,1390,627,1141,639,333,38,6,98
783,WBA,10-k,23/11/2022,16,117,4,69,18,0,0,2
784,WFC,10-k,23/02/2021,95,50,100,206,118,6,6,15
785,WFC,10-k,22/02/2022,86,44,84,209,111,5,6,12
786,WFC,10-k,21/02/2023,94,48,94,207,116,6,6,20
787,WMT,10-k,28/03/2019,802,218,657,456,248,25,8,108
788,WMT,10-k,20/03/2020,792,225,662,441,269,26,8,95
789,WMT,10-k,19/03/2021,893,256,668,481,252,25,6,94
790,WMT,10-k,18/03/2022,984,311,665,506,253,26,7,86
791,XOM,10-k,22/02/2017,459,236,462,258,320,27,5,74
792,XOM,10-k,28/02/2018,495,252,506,312,324,25,4,83
793,XOM,10-k,27/02/2019,511,266,481,280,325,25,4,69
794,XOM,10-k,26/02/2020,486,282,470,278,312,26,4,75
795,XOM,10-k,24/02/2021,615,303,495,264,301,25,5,81
796,XOM,10-k,23/02/2022,620,351,466,243,300,23,6,85
797,XOM,10-k,22/02/2023,681,359,501,259,312,27,6,91
